<?xml version="1.0" encoding="UTF-8" standalone="yes"?>
<DatabaseModel VersionId="2.4">
    <Name></Name>
    <Description></Description>
    <DatabaseEngine>
        <Name>sql_server</Name>
        <Version>2012/2014/2016</Version>
    </DatabaseEngine>
    <Counters>
        <Counter>
            <Name>table</Name>
            <Value>10</Value>
            <Prefix>t</Prefix>
        </Counter>
        <Counter>
            <Name>external_table</Name>
            <Value>0</Value>
            <Prefix>et</Prefix>
        </Counter>
        <Counter>
            <Name>column</Name>
            <Value>71</Value>
            <Prefix>c</Prefix>
        </Counter>
        <Counter>
            <Name>external_table_column</Name>
            <Value>0</Value>
            <Prefix>etc</Prefix>
        </Counter>
        <Counter>
            <Name>index</Name>
            <Value>1</Value>
            <Prefix>i</Prefix>
        </Counter>
        <Counter>
            <Name>reference</Name>
            <Value>18</Value>
            <Prefix>r</Prefix>
        </Counter>
        <Counter>
            <Name>table_check</Name>
            <Value>0</Value>
            <Prefix>tc</Prefix>
        </Counter>
        <Counter>
            <Name>alternate_key</Name>
            <Value>3</Value>
            <Prefix>a</Prefix>
        </Counter>
        <Counter>
            <Name>sequence</Name>
            <Value>0</Value>
            <Prefix>s</Prefix>
        </Counter>
        <Counter>
            <Name>note</Name>
            <Value>0</Value>
            <Prefix>n</Prefix>
        </Counter>
        <Counter>
            <Name>view</Name>
            <Value>0</Value>
            <Prefix>v</Prefix>
        </Counter>
        <Counter>
            <Name>view_column</Name>
            <Value>0</Value>
            <Prefix>vc</Prefix>
        </Counter>
        <Counter>
            <Name>materialized_view</Name>
            <Value>0</Value>
            <Prefix>mv</Prefix>
        </Counter>
        <Counter>
            <Name>materialized_view_column</Name>
            <Value>0</Value>
            <Prefix>mvc</Prefix>
        </Counter>
        <Counter>
            <Name>area</Name>
            <Value>0</Value>
            <Prefix>ar</Prefix>
        </Counter>
        <Counter>
            <Name>text</Name>
            <Value>0</Value>
            <Prefix>tx</Prefix>
        </Counter>
        <Counter>
            <Name>tableDisplay</Name>
            <Value>12</Value>
            <Prefix>td</Prefix>
        </Counter>
        <Counter>
            <Name>externalTableDisplay</Name>
            <Value>0</Value>
            <Prefix>etd</Prefix>
        </Counter>
        <Counter>
            <Name>viewDisplay</Name>
            <Value>0</Value>
            <Prefix>vd</Prefix>
        </Counter>
        <Counter>
            <Name>materializedViewDisplay</Name>
            <Value>0</Value>
            <Prefix>mvd</Prefix>
        </Counter>
        <Counter>
            <Name>referenceDisplay</Name>
            <Value>18</Value>
            <Prefix>rd</Prefix>
        </Counter>
    </Counters>
    <AdditionalSQLBeforeCreate></AdditionalSQLBeforeCreate>
    <AdditionalSQLAfterCreate></AdditionalSQLAfterCreate>
    <AdditionalSQLBeforeDrop></AdditionalSQLBeforeDrop>
    <AdditionalSQLAfterDrop></AdditionalSQLAfterDrop>
    <Tables>
        <Table Id="t4">
            <Name>Users</Name>
            <Description></Description>
            <Columns>
                <Column Id="c6">
                    <Name>ID</Name>
                    <Type>int</Type>
                    <Description></Description>
                    <Nullable>false</Nullable>
                    <DefaultValue></DefaultValue>
                    <CheckExpression></CheckExpression>
                    <Properties/>
                </Column>
                <Column Id="c8">
                    <Name>NIF</Name>
                    <Type>text</Type>
                    <Description></Description>
                    <Nullable>false</Nullable>
                    <DefaultValue></DefaultValue>
                    <CheckExpression></CheckExpression>
                    <Properties/>
                </Column>
                <Column Id="c7">
                    <Name>Name</Name>
                    <Type>text</Type>
                    <Description></Description>
                    <Nullable>false</Nullable>
                    <DefaultValue></DefaultValue>
                    <CheckExpression></CheckExpression>
                    <Properties/>
                </Column>
                <Column Id="c9">
                    <Name>Email</Name>
                    <Type>text</Type>
                    <Description></Description>
                    <Nullable>true</Nullable>
                    <DefaultValue></DefaultValue>
                    <CheckExpression></CheckExpression>
                    <Properties/>
                </Column>
                <Column Id="c10">
                    <Name>PhoneN</Name>
                    <Type>text</Type>
                    <Description></Description>
                    <Nullable>true</Nullable>
                    <DefaultValue></DefaultValue>
                    <CheckExpression></CheckExpression>
                    <Properties/>
                </Column>
                <Column Id="c12">
                    <Name>Password</Name>
                    <Type>text</Type>
                    <Description></Description>
                    <Nullable>false</Nullable>
                    <DefaultValue></DefaultValue>
                    <CheckExpression></CheckExpression>
                    <Properties/>
                </Column>
                <Column Id="c58">
                    <Name>IsFirstLogin</Name>
                    <Type>bit</Type>
                    <Description></Description>
                    <Nullable>false</Nullable>
                    <DefaultValue></DefaultValue>
                    <CheckExpression></CheckExpression>
                    <Properties/>
                </Column>
                <Column Id="c14">
                    <Name>IsActive</Name>
                    <Type>bit</Type>
                    <Description></Description>
                    <Nullable>false</Nullable>
                    <DefaultValue></DefaultValue>
                    <CheckExpression></CheckExpression>
                    <Properties/>
                </Column>
                <Column Id="c15">
                    <Name>CreatedAt</Name>
                    <Type>datetime</Type>
                    <Description></Description>
                    <Nullable>false</Nullable>
                    <DefaultValue></DefaultValue>
                    <CheckExpression></CheckExpression>
                    <Properties/>
                </Column>
                <Column Id="c50">
                    <Name>RoleID</Name>
                    <Type>int</Type>
                    <Description></Description>
                    <Nullable>false</Nullable>
                    <DefaultValue></DefaultValue>
                    <CheckExpression></CheckExpression>
                    <Properties/>
                </Column>
            </Columns>
            <PrimaryKey>
                <Name>PK_Users</Name>
                <Columns>
                    <Column>c6</Column>
                </Columns>
            </PrimaryKey>
            <AlternateKeys/>
            <Indexes/>
            <TableChecks/>
            <AdditionalSQLBefore></AdditionalSQLBefore>
            <AdditionalSQLAfter></AdditionalSQLAfter>
            <Properties/>
        </Table>
        <Table Id="t5">
            <Name>GeoCenters</Name>
            <Description></Description>
            <Columns>
                <Column Id="c16">
                    <Name>ID</Name>
                    <Type>int</Type>
                    <Description></Description>
                    <Nullable>false</Nullable>
                    <DefaultValue></DefaultValue>
                    <CheckExpression></CheckExpression>
                    <Properties/>
                </Column>
                <Column Id="c17">
                    <Name>Name</Name>
                    <Type>text</Type>
                    <Description></Description>
                    <Nullable>false</Nullable>
                    <DefaultValue></DefaultValue>
                    <CheckExpression></CheckExpression>
                    <Properties/>
                </Column>
                <Column Id="c18">
                    <Name>Location</Name>
                    <Type>text</Type>
                    <Description></Description>
                    <Nullable>false</Nullable>
                    <DefaultValue></DefaultValue>
                    <CheckExpression></CheckExpression>
                    <Properties/>
                </Column>
                <Column Id="c19">
                    <Name>IsActive</Name>
                    <Type>bit</Type>
                    <Description></Description>
                    <Nullable>false</Nullable>
                    <DefaultValue></DefaultValue>
                    <CheckExpression></CheckExpression>
                    <Properties/>
                </Column>
                <Column Id="c20">
                    <Name>CreatedAt</Name>
                    <Type>datetime</Type>
                    <Description></Description>
                    <Nullable>false</Nullable>
                    <DefaultValue></DefaultValue>
                    <CheckExpression></CheckExpression>
                    <Properties/>
                </Column>
            </Columns>
            <PrimaryKey>
                <Name>PK_GeoCenters</Name>
                <Columns>
                    <Column>c16</Column>
                </Columns>
            </PrimaryKey>
            <AlternateKeys/>
            <Indexes/>
            <TableChecks/>
            <AdditionalSQLBefore></AdditionalSQLBefore>
            <AdditionalSQLAfter></AdditionalSQLAfter>
            <Properties/>
        </Table>
        <Table Id="t6">
            <Name>Rooms</Name>
            <Description></Description>
            <Columns>
                <Column Id="c23">
                    <Name>ID</Name>
                    <Type>int</Type>
                    <Description></Description>
                    <Nullable>false</Nullable>
                    <DefaultValue></DefaultValue>
                    <CheckExpression></CheckExpression>
                    <Properties/>
                </Column>
                <Column Id="c24">
                    <Name>Name</Name>
                    <Type>text</Type>
                    <Description></Description>
                    <Nullable>false</Nullable>
                    <DefaultValue></DefaultValue>
                    <CheckExpression></CheckExpression>
                    <Properties/>
                </Column>
                <Column Id="c25">
                    <Name>MaximumCapacity</Name>
                    <Type>int</Type>
                    <Description></Description>
                    <Nullable>false</Nullable>
                    <DefaultValue></DefaultValue>
                    <CheckExpression></CheckExpression>
                    <Properties/>
                </Column>
                <Column Id="c26">
                    <Name>Restrictions</Name>
                    <Type>int</Type>
                    <Description></Description>
                    <Nullable>false</Nullable>
                    <DefaultValue></DefaultValue>
                    <CheckExpression></CheckExpression>
                    <Properties/>
                </Column>
                <Column Id="c37">
                    <Name>GeoCenter</Name>
                    <Type>int</Type>
                    <Description></Description>
                    <Nullable>false</Nullable>
                    <DefaultValue></DefaultValue>
                    <CheckExpression></CheckExpression>
                    <Properties/>
                </Column>
                <Column Id="c28">
                    <Name>IsCleaned</Name>
                    <Type>bit</Type>
                    <Description></Description>
                    <Nullable>false</Nullable>
                    <DefaultValue></DefaultValue>
                    <CheckExpression></CheckExpression>
                    <Properties/>
                </Column>
                <Column Id="c55">
                    <Name>CleaningTime</Name>
                    <Type>int</Type>
                    <Description></Description>
                    <Nullable>true</Nullable>
                    <DefaultValue></DefaultValue>
                    <CheckExpression></CheckExpression>
                    <Properties/>
                </Column>
                <Column Id="c29">
                    <Name>IsActive</Name>
                    <Type>bit</Type>
                    <Description></Description>
                    <Nullable>false</Nullable>
                    <DefaultValue></DefaultValue>
                    <CheckExpression></CheckExpression>
                    <Properties/>
                </Column>
                <Column Id="c30">
                    <Name>CreatedAt</Name>
                    <Type>datetime</Type>
                    <Description></Description>
                    <Nullable>false</Nullable>
                    <DefaultValue></DefaultValue>
                    <CheckExpression></CheckExpression>
                    <Properties/>
                </Column>
            </Columns>
            <PrimaryKey>
                <Name>PK_Rooms</Name>
                <Columns>
                    <Column>c23</Column>
                </Columns>
            </PrimaryKey>
            <AlternateKeys/>
            <Indexes/>
            <TableChecks/>
            <AdditionalSQLBefore></AdditionalSQLBefore>
            <AdditionalSQLAfter></AdditionalSQLAfter>
            <Properties/>
        </Table>
        <Table Id="t7">
            <Name>Roles</Name>
            <Description></Description>
            <Columns>
                <Column Id="c38">
                    <Name>ID</Name>
                    <Type>int</Type>
                    <Description></Description>
                    <Nullable>false</Nullable>
                    <DefaultValue></DefaultValue>
                    <CheckExpression></CheckExpression>
                    <Properties/>
                </Column>
                <Column Id="c39">
                    <Name>Name</Name>
                    <Type>text</Type>
                    <Description></Description>
                    <Nullable>true</Nullable>
                    <DefaultValue></DefaultValue>
                    <CheckExpression></CheckExpression>
                    <Properties/>
                </Column>
                <Column Id="c46">
                    <Name>ReserveRooms</Name>
                    <Type>bit</Type>
                    <Description></Description>
                    <Nullable>false</Nullable>
                    <DefaultValue></DefaultValue>
                    <CheckExpression></CheckExpression>
                    <Properties/>
                </Column>
                <Column Id="c40">
                    <Name>CreateRooms</Name>
                    <Type>bit</Type>
                    <Description></Description>
                    <Nullable>false</Nullable>
                    <DefaultValue></DefaultValue>
                    <CheckExpression></CheckExpression>
                    <Properties/>
                </Column>
                <Column Id="c42">
                    <Name>EditRooms</Name>
                    <Type>bit</Type>
                    <Description></Description>
                    <Nullable>false</Nullable>
                    <DefaultValue></DefaultValue>
                    <CheckExpression></CheckExpression>
                    <Properties/>
                </Column>
                <Column Id="c41">
                    <Name>CreateGeoCenters</Name>
                    <Type>bit</Type>
                    <Description></Description>
                    <Nullable>false</Nullable>
                    <DefaultValue></DefaultValue>
                    <CheckExpression></CheckExpression>
                    <Properties/>
                </Column>
                <Column Id="c43">
                    <Name>EditGeoCenters</Name>
                    <Type>bit</Type>
                    <Description></Description>
                    <Nullable>false</Nullable>
                    <DefaultValue></DefaultValue>
                    <CheckExpression></CheckExpression>
                    <Properties/>
                </Column>
                <Column Id="c44">
                    <Name>CreateUsers</Name>
                    <Type>bit</Type>
                    <Description></Description>
                    <Nullable>false</Nullable>
                    <DefaultValue></DefaultValue>
                    <CheckExpression></CheckExpression>
                    <Properties/>
                </Column>
                <Column Id="c45">
                    <Name>EditUsers</Name>
                    <Type>bit</Type>
                    <Description></Description>
                    <Nullable>false</Nullable>
                    <DefaultValue></DefaultValue>
                    <CheckExpression></CheckExpression>
                    <Properties/>
                </Column>
                <Column Id="c56">
                    <Name>CreateRoles</Name>
                    <Type>bit</Type>
                    <Description></Description>
                    <Nullable>false</Nullable>
                    <DefaultValue></DefaultValue>
                    <CheckExpression></CheckExpression>
                    <Properties/>
                </Column>
                <Column Id="c57">
                    <Name>EditRoles</Name>
                    <Type>bit</Type>
                    <Description></Description>
                    <Nullable>false</Nullable>
                    <DefaultValue></DefaultValue>
                    <CheckExpression></CheckExpression>
                    <Properties/>
                </Column>
                <Column Id="c47">
                    <Name>IsActive</Name>
                    <Type>bit</Type>
                    <Description></Description>
                    <Nullable>false</Nullable>
                    <DefaultValue></DefaultValue>
                    <CheckExpression></CheckExpression>
                    <Properties/>
                </Column>
                <Column Id="c48">
                    <Name>CreatedAt</Name>
                    <Type>datetime</Type>
                    <Description></Description>
                    <Nullable>false</Nullable>
                    <DefaultValue></DefaultValue>
                    <CheckExpression></CheckExpression>
                    <Properties/>
                </Column>
            </Columns>
            <PrimaryKey>
                <Name>PK_Roles</Name>
                <Columns>
                    <Column>c38</Column>
                </Columns>
            </PrimaryKey>
            <AlternateKeys/>
            <Indexes/>
            <TableChecks/>
            <AdditionalSQLBefore></AdditionalSQLBefore>
            <AdditionalSQLAfter></AdditionalSQLAfter>
            <Properties/>
        </Table>
        <Table Id="t8">
            <Name>Users_GeoCenters</Name>
            <Description></Description>
            <Columns>
                <Column Id="c51">
                    <Name>ID</Name>
                    <Type>int</Type>
                    <Description></Description>
                    <Nullable>false</Nullable>
                    <DefaultValue></DefaultValue>
                    <CheckExpression></CheckExpression>
                    <Properties/>
                </Column>
                <Column Id="c53">
                    <Name>UserID</Name>
                    <Type>int</Type>
                    <Description></Description>
                    <Nullable>false</Nullable>
                    <DefaultValue></DefaultValue>
                    <CheckExpression></CheckExpression>
                    <Properties/>
                </Column>
                <Column Id="c54">
                    <Name>GeoCenterID</Name>
                    <Type>int</Type>
                    <Description></Description>
                    <Nullable>false</Nullable>
                    <DefaultValue></DefaultValue>
                    <CheckExpression></CheckExpression>
                    <Properties/>
                </Column>
            </Columns>
            <PrimaryKey>
                <Name>PK_Users_GeoCenters</Name>
                <Columns>
                    <Column>c51</Column>
                </Columns>
            </PrimaryKey>
            <AlternateKeys/>
            <Indexes/>
            <TableChecks/>
            <AdditionalSQLBefore></AdditionalSQLBefore>
            <AdditionalSQLAfter></AdditionalSQLAfter>
            <Properties/>
        </Table>
        <Table Id="t9">
            <Name>Reservations</Name>
            <Description></Description>
            <Columns>
                <Column Id="c59">
                    <Name>ID</Name>
                    <Type>int</Type>
                    <Description></Description>
                    <Nullable>false</Nullable>
                    <DefaultValue></DefaultValue>
                    <CheckExpression></CheckExpression>
                    <Properties/>
                </Column>
                <Column Id="c61">
                    <Name>StartDateTime</Name>
                    <Type>datetime</Type>
                    <Description></Description>
                    <Nullable>false</Nullable>
                    <DefaultValue></DefaultValue>
                    <CheckExpression></CheckExpression>
                    <Properties/>
                </Column>
                <Column Id="c62">
                    <Name>EndDateTime</Name>
                    <Type>datetime</Type>
                    <Description></Description>
                    <Nullable>false</Nullable>
                    <DefaultValue></DefaultValue>
                    <CheckExpression></CheckExpression>
                    <Properties/>
                </Column>
                <Column Id="c63">
                    <Name>Responsible</Name>
                    <Type>int</Type>
                    <Description></Description>
                    <Nullable>false</Nullable>
                    <DefaultValue></DefaultValue>
                    <CheckExpression></CheckExpression>
                    <Properties/>
                </Column>
                <Column Id="c65">
                    <Name>Room</Name>
                    <Type>int</Type>
                    <Description></Description>
                    <Nullable>false</Nullable>
                    <DefaultValue></DefaultValue>
                    <CheckExpression></CheckExpression>
                    <Properties/>
                </Column>
                <Column Id="c66">
                    <Name>IsActive</Name>
                    <Type>bit</Type>
                    <Description></Description>
                    <Nullable>false</Nullable>
                    <DefaultValue></DefaultValue>
                    <CheckExpression></CheckExpression>
                    <Properties/>
                </Column>
                <Column Id="c67">
                    <Name>CreatedAt</Name>
                    <Type>datetime</Type>
                    <Description></Description>
                    <Nullable>false</Nullable>
                    <DefaultValue></DefaultValue>
                    <CheckExpression></CheckExpression>
                    <Properties/>
                </Column>
            </Columns>
            <PrimaryKey>
                <Name>PK_Reserves</Name>
                <Columns>
                    <Column>c59</Column>
                </Columns>
            </PrimaryKey>
            <AlternateKeys/>
            <Indexes/>
            <TableChecks/>
            <AdditionalSQLBefore></AdditionalSQLBefore>
            <AdditionalSQLAfter></AdditionalSQLAfter>
            <Properties/>
        </Table>
        <Table Id="t10">
            <Name>Reservation_Groups</Name>
            <Description></Description>
            <Columns>
                <Column Id="c68">
                    <Name>ID</Name>
                    <Type>int</Type>
                    <Description></Description>
                    <Nullable>false</Nullable>
                    <DefaultValue></DefaultValue>
                    <CheckExpression></CheckExpression>
                    <Properties/>
                </Column>
                <Column Id="c70">
                    <Name>ReservationID</Name>
                    <Type>int</Type>
                    <Description></Description>
                    <Nullable>false</Nullable>
                    <DefaultValue></DefaultValue>
                    <CheckExpression></CheckExpression>
                    <Properties/>
                </Column>
                <Column Id="c71">
                    <Name>UserID</Name>
                    <Type>int</Type>
                    <Description></Description>
                    <Nullable>false</Nullable>
                    <DefaultValue></DefaultValue>
                    <CheckExpression></CheckExpression>
                    <Properties/>
                </Column>
            </Columns>
            <PrimaryKey>
                <Name>PK_Reservation_Groups</Name>
                <Columns>
                    <Column>c68</Column>
                </Columns>
            </PrimaryKey>
            <AlternateKeys/>
            <Indexes/>
            <TableChecks/>
            <AdditionalSQLBefore></AdditionalSQLBefore>
            <AdditionalSQLAfter></AdditionalSQLAfter>
            <Properties/>
        </Table>
    </Tables>
    <ExternalTables/>
    <Views/>
    <MaterializedViews/>
    <References>
        <Reference Id="r8">
            <Name>FK_Rooms_GeoCenters</Name>
            <Description></Description>
            <PKTable>t5</PKTable>
            <FKTable>t6</FKTable>
            <PKRole></PKRole>
            <FKRole></FKRole>
            <ReferenceColumns>
                <ReferenceColumn>
                    <PKColumn>c16</PKColumn>
                    <FKColumn>c37</FKColumn>
                </ReferenceColumn>
            </ReferenceColumns>
            <Cardinality>0..*</Cardinality>
            <Mandatory>true</Mandatory>
            <OnUpdateAction>None</OnUpdateAction>
            <OnDeleteAction>None</OnDeleteAction>
            <Properties/>
        </Reference>
        <Reference Id="r10">
            <Name>FK_Users_Roles</Name>
            <Description></Description>
            <PKTable>t7</PKTable>
            <FKTable>t4</FKTable>
            <PKRole></PKRole>
            <FKRole></FKRole>
            <ReferenceColumns>
                <ReferenceColumn>
                    <PKColumn>c38</PKColumn>
                    <FKColumn>c50</FKColumn>
                </ReferenceColumn>
            </ReferenceColumns>
            <Cardinality>0..*</Cardinality>
            <Mandatory>true</Mandatory>
            <OnUpdateAction>None</OnUpdateAction>
            <OnDeleteAction>None</OnDeleteAction>
            <Properties/>
        </Reference>
        <Reference Id="r12">
            <Name>FK_Users_GeoCenters</Name>
            <Description></Description>
            <PKTable>t4</PKTable>
            <FKTable>t8</FKTable>
            <PKRole></PKRole>
            <FKRole></FKRole>
            <ReferenceColumns>
                <ReferenceColumn>
                    <PKColumn>c6</PKColumn>
                    <FKColumn>c53</FKColumn>
                </ReferenceColumn>
            </ReferenceColumns>
            <Cardinality>0..*</Cardinality>
            <Mandatory>true</Mandatory>
            <OnUpdateAction>None</OnUpdateAction>
            <OnDeleteAction>None</OnDeleteAction>
            <Properties/>
        </Reference>
        <Reference Id="r13">
            <Name>FK_GeoCenters_Users</Name>
            <Description></Description>
            <PKTable>t5</PKTable>
            <FKTable>t8</FKTable>
            <PKRole></PKRole>
            <FKRole></FKRole>
            <ReferenceColumns>
                <ReferenceColumn>
                    <PKColumn>c16</PKColumn>
                    <FKColumn>c54</FKColumn>
                </ReferenceColumn>
            </ReferenceColumns>
            <Cardinality>0..*</Cardinality>
            <Mandatory>true</Mandatory>
            <OnUpdateAction>None</OnUpdateAction>
            <OnDeleteAction>None</OnDeleteAction>
            <Properties/>
        </Reference>
        <Reference Id="r14">
            <Name>FK_Reservations_Users</Name>
            <Description></Description>
            <PKTable>t4</PKTable>
            <FKTable>t9</FKTable>
            <PKRole></PKRole>
            <FKRole></FKRole>
            <ReferenceColumns>
                <ReferenceColumn>
                    <PKColumn>c6</PKColumn>
                    <FKColumn>c63</FKColumn>
                </ReferenceColumn>
            </ReferenceColumns>
            <Cardinality>0..*</Cardinality>
            <Mandatory>true</Mandatory>
            <OnUpdateAction>None</OnUpdateAction>
            <OnDeleteAction>None</OnDeleteAction>
            <Properties/>
        </Reference>
        <Reference Id="r16">
            <Name>FK_Reservations_Rooms</Name>
            <Description></Description>
            <PKTable>t6</PKTable>
            <FKTable>t9</FKTable>
            <PKRole></PKRole>
            <FKRole></FKRole>
            <ReferenceColumns>
                <ReferenceColumn>
                    <PKColumn>c23</PKColumn>
                    <FKColumn>c65</FKColumn>
                </ReferenceColumn>
            </ReferenceColumns>
            <Cardinality>0..*</Cardinality>
            <Mandatory>true</Mandatory>
            <OnUpdateAction>None</OnUpdateAction>
            <OnDeleteAction>None</OnDeleteAction>
            <Properties/>
        </Reference>
        <Reference Id="r17">
            <Name>FK_Groups_Reservations</Name>
            <Description></Description>
            <PKTable>t9</PKTable>
            <FKTable>t10</FKTable>
            <PKRole></PKRole>
            <FKRole></FKRole>
            <ReferenceColumns>
                <ReferenceColumn>
                    <PKColumn>c59</PKColumn>
                    <FKColumn>c70</FKColumn>
                </ReferenceColumn>
            </ReferenceColumns>
            <Cardinality>0..*</Cardinality>
            <Mandatory>true</Mandatory>
            <OnUpdateAction>None</OnUpdateAction>
            <OnDeleteAction>None</OnDeleteAction>
            <Properties/>
        </Reference>
        <Reference Id="r18">
            <Name>FK_Groups_Users</Name>
            <Description></Description>
            <PKTable>t4</PKTable>
            <FKTable>t10</FKTable>
            <PKRole></PKRole>
            <FKRole></FKRole>
            <ReferenceColumns>
                <ReferenceColumn>
                    <PKColumn>c6</PKColumn>
                    <FKColumn>c71</FKColumn>
                </ReferenceColumn>
            </ReferenceColumns>
            <Cardinality>0..*</Cardinality>
            <Mandatory>true</Mandatory>
            <OnUpdateAction>None</OnUpdateAction>
            <OnDeleteAction>None</OnDeleteAction>
            <Properties/>
        </Reference>
    </References>
    <Sequences/>
    <Notes/>
    <Areas/>
    <Texts/>
    <TableDisplays>
        <TableDisplay Id="td6">
            <X>6705.5</X>
            <Y>6796.5</Y>
            <Width>168.0</Width>
            <Height>174.0</Height>
            <LineColor>#000000</LineColor>
            <FillColor>#ffffff</FillColor>
            <Table>t4</Table>
            <FixedSize>false</FixedSize>
        </TableDisplay>
        <TableDisplay Id="td7">
            <X>7357.5</X>
            <Y>6804.5</Y>
            <Width>168.0</Width>
            <Height>116.0</Height>
            <LineColor>#000000</LineColor>
            <FillColor>#ffffff</FillColor>
            <Table>t5</Table>
            <FixedSize>false</FixedSize>
        </TableDisplay>
        <TableDisplay Id="td8">
            <X>7348.5</X>
            <Y>7004.5</Y>
            <Width>185.0</Width>
            <Height>159.0</Height>
            <LineColor>#000000</LineColor>
            <FillColor>#ffffff</FillColor>
            <Table>t6</Table>
            <FixedSize>false</FixedSize>
        </TableDisplay>
        <TableDisplay Id="td9">
            <X>6686.5</X>
            <Y>7115.5</Y>
            <Width>187.0</Width>
            <Height>217.0</Height>
            <LineColor>#000000</LineColor>
            <FillColor>#ffffff</FillColor>
            <Table>t7</Table>
            <FixedSize>false</FixedSize>
        </TableDisplay>
        <TableDisplay Id="td10">
            <X>7095.5</X>
            <Y>6808.5</Y>
            <Width>135.0</Width>
            <Height>73.0</Height>
            <LineColor>#000000</LineColor>
            <FillColor>#ffffff</FillColor>
            <Table>t8</Table>
            <FixedSize>false</FixedSize>
        </TableDisplay>
        <TableDisplay Id="td11">
            <X>7049.5</X>
            <Y>7026.5</Y>
            <Width>169.0</Width>
            <Height>130.0</Height>
            <LineColor>#000000</LineColor>
            <FillColor>#ffffff</FillColor>
            <Table>t9</Table>
            <FixedSize>false</FixedSize>
        </TableDisplay>
        <TableDisplay Id="td12">
            <X>6937.5</X>
            <Y>7230.5</Y>
            <Width>142.0</Width>
            <Height>73.0</Height>
            <LineColor>#000000</LineColor>
            <FillColor>#ffffff</FillColor>
            <Table>t10</Table>
            <FixedSize>false</FixedSize>
        </TableDisplay>
    </TableDisplays>
    <ExternalTableDisplays/>
    <ViewDisplays/>
    <MaterializedViewDisplays/>
    <ReferenceDisplays>
        <ReferenceDisplay Id="rd8">
            <Color>#000000</Color>
            <Type>Cross_3CP</Type>
            <ControlPoints>
                <ControlPoint>
                    <X>7446.5</X>
                    <Y>6910.5</Y>
                </ControlPoint>
                <ControlPoint>
                    <X>7446.5</X>
                    <Y>7014.5</Y>
                </ControlPoint>
                <ControlPoint>
                    <X>7483.5</X>
                    <Y>7014.5</Y>
                </ControlPoint>
            </ControlPoints>
            <PkTableDisplay>td7</PkTableDisplay>
            <FkTableDisplay>td8</FkTableDisplay>
            <Reference>r8</Reference>
        </ReferenceDisplay>
        <ReferenceDisplay Id="rd10">
            <Color>#000000</Color>
            <Type>Vertical_4CP</Type>
            <ControlPoints>
                <ControlPoint>
                    <X>6778.5</X>
                    <Y>7247.5</Y>
                </ControlPoint>
                <ControlPoint>
                    <X>6778.5</X>
                    <Y>7139.5</Y>
                </ControlPoint>
                <ControlPoint>
                    <X>6786.5</X>
                    <Y>7139.5</Y>
                </ControlPoint>
                <ControlPoint>
                    <X>6786.5</X>
                    <Y>6892.5</Y>
                </ControlPoint>
            </ControlPoints>
            <PkTableDisplay>td9</PkTableDisplay>
            <FkTableDisplay>td6</FkTableDisplay>
            <Reference>r10</Reference>
        </ReferenceDisplay>
        <ReferenceDisplay Id="rd12">
            <Color>#000000</Color>
            <Type>Horizontal_4CP</Type>
            <ControlPoints>
                <ControlPoint>
                    <X>6828.5</X>
                    <Y>6847.5</Y>
                </ControlPoint>
                <ControlPoint>
                    <X>6989.5</X>
                    <Y>6847.5</Y>
                </ControlPoint>
                <ControlPoint>
                    <X>6989.5</X>
                    <Y>6847.5</Y>
                </ControlPoint>
                <ControlPoint>
                    <X>7149.5</X>
                    <Y>6847.5</Y>
                </ControlPoint>
            </ControlPoints>
            <PkTableDisplay>td6</PkTableDisplay>
            <FkTableDisplay>td10</FkTableDisplay>
            <Reference>r12</Reference>
        </ReferenceDisplay>
        <ReferenceDisplay Id="rd13">
            <Color>#000000</Color>
            <Type>Horizontal_4CP</Type>
            <ControlPoints>
                <ControlPoint>
                    <X>7410.5</X>
                    <Y>6876.5</Y>
                </ControlPoint>
                <ControlPoint>
                    <X>7402.5</X>
                    <Y>6876.5</Y>
                </ControlPoint>
                <ControlPoint>
                    <X>7402.5</X>
                    <Y>6843.5</Y>
                </ControlPoint>
                <ControlPoint>
                    <X>7192.5</X>
                    <Y>6843.5</Y>
                </ControlPoint>
            </ControlPoints>
            <PkTableDisplay>td7</PkTableDisplay>
            <FkTableDisplay>td10</FkTableDisplay>
            <Reference>r13</Reference>
        </ReferenceDisplay>
        <ReferenceDisplay Id="rd14">
            <Color>#000000</Color>
            <Type>Cross_3CP</Type>
            <ControlPoints>
                <ControlPoint>
                    <X>6863.5</X>
                    <Y>6907.5</Y>
                </ControlPoint>
                <ControlPoint>
                    <X>7097.5</X>
                    <Y>6907.5</Y>
                </ControlPoint>
                <ControlPoint>
                    <X>7097.5</X>
                    <Y>7036.5</Y>
                </ControlPoint>
            </ControlPoints>
            <PkTableDisplay>td6</PkTableDisplay>
            <FkTableDisplay>td11</FkTableDisplay>
            <Reference>r14</Reference>
        </ReferenceDisplay>
        <ReferenceDisplay Id="rd16">
            <Color>#000000</Color>
            <Type>Horizontal_4CP</Type>
            <ControlPoints>
                <ControlPoint>
                    <X>7421.5</X>
                    <Y>7092.5</Y>
                </ControlPoint>
                <ControlPoint>
                    <X>7454.5</X>
                    <Y>7092.5</Y>
                </ControlPoint>
                <ControlPoint>
                    <X>7454.5</X>
                    <Y>7055.5</Y>
                </ControlPoint>
                <ControlPoint>
                    <X>7170.5</X>
                    <Y>7055.5</Y>
                </ControlPoint>
            </ControlPoints>
            <PkTableDisplay>td8</PkTableDisplay>
            <FkTableDisplay>td11</FkTableDisplay>
            <Reference>r16</Reference>
        </ReferenceDisplay>
        <ReferenceDisplay Id="rd17">
            <Color>#000000</Color>
            <Type>Vertical_4CP</Type>
            <ControlPoints>
                <ControlPoint>
                    <X>7146.5</X>
                    <Y>7091.5</Y>
                </ControlPoint>
                <ControlPoint>
                    <X>7146.5</X>
                    <Y>7198.5</Y>
                </ControlPoint>
                <ControlPoint>
                    <X>7006.5</X>
                    <Y>7198.5</Y>
                </ControlPoint>
                <ControlPoint>
                    <X>7006.5</X>
                    <Y>7250.5</Y>
                </ControlPoint>
            </ControlPoints>
            <PkTableDisplay>td11</PkTableDisplay>
            <FkTableDisplay>td12</FkTableDisplay>
            <Reference>r17</Reference>
        </ReferenceDisplay>
        <ReferenceDisplay Id="rd18">
            <Color>#000000</Color>
            <Type>Cross_3CP</Type>
            <ControlPoints>
                <ControlPoint>
                    <X>6863.5</X>
                    <Y>6928.5</Y>
                </ControlPoint>
                <ControlPoint>
                    <X>6947.5</X>
                    <Y>6928.5</Y>
                </ControlPoint>
                <ControlPoint>
                    <X>6947.5</X>
                    <Y>7240.5</Y>
                </ControlPoint>
            </ControlPoints>
            <PkTableDisplay>td6</PkTableDisplay>
            <FkTableDisplay>td12</FkTableDisplay>
            <Reference>r18</Reference>
        </ReferenceDisplay>
    </ReferenceDisplays>
    <Properties>
        <Property>
            <Name>pdf-printer-paper-size</Name>
            <Value>A4</Value>
        </Property>
        <Property>
            <Name>pdf-printer-margin-top</Name>
            <Value>10</Value>
        </Property>
        <Property>
            <Name>pdf-printer-margin-bottom</Name>
            <Value>10</Value>
        </Property>
        <Property>
            <Name>pdf-printer-margin-left</Name>
            <Value>10</Value>
        </Property>
        <Property>
            <Name>pdf-printer-margin-right</Name>
            <Value>10</Value>
        </Property>
        <Property>
            <Name>pdf-printer-page-orientation</Name>
            <Value>landscape</Value>
        </Property>
        <Property>
            <Name>pdf-printer-show-pages</Name>
            <Value>false</Value>
        </Property>
        <Property>
            <Name>pdf-printer-include-footer</Name>
            <Value>true</Value>
        </Property>
        <Property>
            <Name>reference-notation</Name>
            <Value>crows-foot</Value>
        </Property>
        <Property>
            <Name>pages-line-color</Name>
            <Value>#CC0000</Value>
        </Property>
        <Property>
            <Name>show-grid</Name>
            <Value>false</Value>
        </Property>
        <Property>
            <Name>grid-color</Name>
            <Value>#D9D9D9</Value>
        </Property>
        <Property>
            <Name>grid-style</Name>
            <Value>solid</Value>
        </Property>
        <Property>
            <Name>grid-spacing</Name>
            <Value>2</Value>
        </Property>
        <Property>
            <Name>grid-spacing-units</Name>
            <Value>cm</Value>
        </Property>
        <Property>
            <Name>grid-subdivisions</Name>
            <Value>1</Value>
        </Property>
    </Properties>
    <DefaultAdditionalProperties>
        <Types>
            <Name>table</Name>
            <Properties/>
        </Types>
        <Types>
            <Name>column</Name>
            <Properties/>
        </Types>
        <Types>
            <Name>alternate_key</Name>
            <Properties/>
        </Types>
        <Types>
            <Name>index</Name>
            <Properties/>
        </Types>
        <Types>
            <Name>table_check</Name>
            <Properties/>
        </Types>
        <Types>
            <Name>trigger</Name>
            <Properties/>
        </Types>
        <Types>
            <Name>reference</Name>
            <Properties/>
        </Types>
        <Types>
            <Name>view</Name>
            <Properties/>
        </Types>
        <Types>
            <Name>sequence</Name>
            <Properties/>
        </Types>
        <Types>
            <Name>procedure</Name>
            <Properties/>
        </Types>
        <Types>
            <Name>all</Name>
            <Properties/>
        </Types>
        <Types>
            <Name>view_column</Name>
            <Properties/>
        </Types>
        <Types>
            <Name>primary_key</Name>
            <Properties/>
        </Types>
        <Types>
            <Name>materialized_view</Name>
            <Properties/>
        </Types>
        <Types>
            <Name>materialized_view_column</Name>
            <Properties/>
        </Types>
        <Types>
            <Name>external_table</Name>
            <Properties/>
        </Types>
        <Types>
            <Name>external_table_column</Name>
            <Properties/>
        </Types>
    </DefaultAdditionalProperties>
</DatabaseModel>
